{
    "1": {
        "train_loss": 0.4400483137764077,
        "train_accuracy": 86.9059436114449,
        "train_IoU": 0.25831490820259523,
        "val_accuracy": 92.81143066112895,
        "val_loss": 0.1882847293838858,
        "val_IoU": 0.3346920076580001
    },
    "2": {
        "train_loss": 0.19559344064801076,
        "train_accuracy": 92.5256430350208,
        "train_IoU": 0.35361459095302594,
        "val_accuracy": 93.47229840921558,
        "val_loss": 0.16753848304040722,
        "val_IoU": 0.39379455059914537
    },
    "3": {
        "train_loss": 0.17967021318447093,
        "train_accuracy": 92.9862598610313,
        "train_IoU": 0.3819536159957255,
        "val_accuracy": 93.5062560405402,
        "val_loss": 0.16288135456542174,
        "val_IoU": 0.4053723578021205
    },
    "4": {
        "train_loss": 0.16771443331726135,
        "train_accuracy": 93.32149138846803,
        "train_IoU": 0.4011808779978289,
        "val_accuracy": 93.78836559308309,
        "val_loss": 0.15583658635616301,
        "val_IoU": 0.4300009717444141
    },
    "5": {
        "train_loss": 0.16056081089699326,
        "train_accuracy": 93.52959615485085,
        "train_IoU": 0.408795798724474,
        "val_accuracy": 94.04957814173393,
        "val_loss": 0.14890266947448264,
        "val_IoU": 0.4313695297649044
    },
    "6": {
        "train_loss": 0.15683640757853576,
        "train_accuracy": 93.62711805374153,
        "train_IoU": 0.41390295447484976,
        "val_accuracy": 94.1357782827887,
        "val_loss": 0.14332647581895183,
        "val_IoU": 0.42537108664632195
    },
    "7": {
        "train_loss": 0.15000172724785532,
        "train_accuracy": 93.75163262107517,
        "train_IoU": 0.4228986579067911,
        "val_accuracy": 94.26377243162761,
        "val_loss": 0.1432296112614373,
        "val_IoU": 0.43988647068290476
    },
    "8": {
        "train_loss": 0.14759989759007383,
        "train_accuracy": 93.83870574508472,
        "train_IoU": 0.4229614117185373,
        "val_accuracy": 94.21414204738396,
        "val_loss": 0.14018361858402686,
        "val_IoU": 0.45640717583227425
    },
    "9": {
        "train_loss": 0.14302689727719342,
        "train_accuracy": 93.9188130191735,
        "train_IoU": 0.4325063517349384,
        "val_accuracy": 94.25071180419508,
        "val_loss": 0.13931352927039084,
        "val_IoU": 0.43886941928490525
    },
    "10": {
        "train_loss": 0.1401545602645732,
        "train_accuracy": 94.02591296170525,
        "train_IoU": 0.43976317085493954,
        "val_accuracy": 94.30817856489826,
        "val_loss": 0.135709686940536,
        "val_IoU": 0.4419450265503868
    },
    "11": {
        "train_loss": 0.13807337868850844,
        "train_accuracy": 94.09295926719258,
        "train_IoU": 0.4433735287594353,
        "val_accuracy": 94.30034218843873,
        "val_loss": 0.13709410355736806,
        "val_IoU": 0.4502036493222629
    },
    "12": {
        "train_loss": 0.1351997159413148,
        "train_accuracy": 94.10079584835344,
        "train_IoU": 0.4477546362749326,
        "val_accuracy": 94.34997257268239,
        "val_loss": 0.13639509825656812,
        "val_IoU": 0.4443499154597257
    },
    "13": {
        "train_loss": 0.13160439054243153,
        "train_accuracy": 94.23227626560787,
        "train_IoU": 0.45365934622632154,
        "val_accuracy": 94.30556643941175,
        "val_loss": 0.13431185662125544,
        "val_IoU": 0.4676038136780222
    },
    "14": {
        "train_loss": 0.12907357932273755,
        "train_accuracy": 94.2801664838131,
        "train_IoU": 0.45392652769859804,
        "val_accuracy": 94.40482720789906,
        "val_loss": 0.1329651982275148,
        "val_IoU": 0.46794535975184426
    },
    "15": {
        "train_loss": 0.12562848152572048,
        "train_accuracy": 94.41774201974819,
        "train_IoU": 0.4651975925932309,
        "val_accuracy": 94.55110623514354,
        "val_loss": 0.12843379274631542,
        "val_IoU": 0.4780034019825389
    },
    "16": {
        "train_loss": 0.12381854575782807,
        "train_accuracy": 94.39945666370619,
        "train_IoU": 0.47104825986892,
        "val_accuracy": 94.37609382754748,
        "val_loss": 0.13136952103426058,
        "val_IoU": 0.46663892613880237
    },
    "17": {
        "train_loss": 0.12063468743389456,
        "train_accuracy": 94.49088344391619,
        "train_IoU": 0.47110381167697196,
        "val_accuracy": 94.5067001018729,
        "val_loss": 0.12959238065406684,
        "val_IoU": 0.4639289847610112
    },
    "18": {
        "train_loss": 0.11932419282996105,
        "train_accuracy": 94.48478832523554,
        "train_IoU": 0.4787678153525897,
        "val_accuracy": 94.5406577331975,
        "val_loss": 0.1306773760169744,
        "val_IoU": 0.4854640734982708
    },
    "19": {
        "train_loss": 0.11704154130909376,
        "train_accuracy": 94.5884053428069,
        "train_IoU": 0.48814798334036136,
        "val_accuracy": 94.45184546665621,
        "val_loss": 0.1308535757164159,
        "val_IoU": 0.5037993555638337
    },
    "20": {
        "train_loss": 0.11438390054845796,
        "train_accuracy": 94.69028089789806,
        "train_IoU": 0.4972947007829749,
        "val_accuracy": 94.49102734895385,
        "val_loss": 0.13047568555921327,
        "val_IoU": 0.4665754323991239
    },
    "21": {
        "train_loss": 0.11372207563976139,
        "train_accuracy": 94.63977848597251,
        "train_IoU": 0.4949707000267762,
        "val_accuracy": 94.54588198417052,
        "val_loss": 0.1295240331441164,
        "val_IoU": 0.4846907288824391
    },
    "22": {
        "train_loss": 0.11069085346514104,
        "train_accuracy": 94.76603451578636,
        "train_IoU": 0.5089160360457695,
        "val_accuracy": 94.71044588982055,
        "val_loss": 0.12820188514888287,
        "val_IoU": 0.502920364795435
    },
    "23": {
        "train_loss": 0.11047256031469802,
        "train_accuracy": 94.7373003848632,
        "train_IoU": 0.510409946696279,
        "val_accuracy": 94.5406577331975,
        "val_loss": 0.129922383800149,
        "val_IoU": 0.5083978342016413
    },
    "24": {
        "train_loss": 0.1055155104826846,
        "train_accuracy": 94.86355641467703,
        "train_IoU": 0.5270887552819588,
        "val_accuracy": 94.59812449390068,
        "val_loss": 0.12874708758046255,
        "val_IoU": 0.5049524666380275
    },
    "25": {
        "train_loss": 0.1051465976186812,
        "train_accuracy": 94.82263204639256,
        "train_IoU": 0.5212307335729831,
        "val_accuracy": 94.6947731369015,
        "val_loss": 0.1276134813949466,
        "val_IoU": 0.5095731552108629
    },
    "26": {
        "train_loss": 0.10420223233188382,
        "train_accuracy": 94.88967835187991,
        "train_IoU": 0.5289422709702745,
        "val_accuracy": 94.59290024292767,
        "val_loss": 0.12905549126366764,
        "val_IoU": 0.4972132792994364
    },
    "27": {
        "train_loss": 0.10229489163605536,
        "train_accuracy": 94.92363687024363,
        "train_IoU": 0.5293703812968947,
        "val_accuracy": 94.58767599195465,
        "val_loss": 0.12847541380363214,
        "val_IoU": 0.5052233212496728
    },
    "28": {
        "train_loss": 0.09936279935434571,
        "train_accuracy": 94.95846611984746,
        "train_IoU": 0.5288328607402472,
        "val_accuracy": 94.6320821252253,
        "val_loss": 0.12925741440926977,
        "val_IoU": 0.5007919573859484
    },
    "29": {
        "train_loss": 0.10081461763926236,
        "train_accuracy": 94.91318809536249,
        "train_IoU": 0.5396047474696144,
        "val_accuracy": 94.34997257268239,
        "val_loss": 0.13583552700777854,
        "val_IoU": 0.4851960600206836
    },
    "30": {
        "train_loss": 0.09833376483995897,
        "train_accuracy": 94.97326855092906,
        "train_IoU": 0.5446945663363689,
        "val_accuracy": 94.58245174098164,