{
    "micro_IoU": 0.8941087411497528,
    "micro_Precision": 0.9440944141433139,
    "micro_Recall": 0.9440944141433139,
    "micro_F1-score": 0.9440944141433139,
    "MACRO_IoU": 0.5326456155770671,
    "MACRO_Precision": 0.6823040322022116,
    "MACRO_Recall": 0.6140191146613975,
    "MACRO_F1-score": 0.6413770360801164,
    "Accuracy": 0.9440944141433139
}