{
    "micro_IoU": 0.8938182681652683,
    "micro_Precision": 0.9439324598248804,
    "micro_Recall": 0.9439324598248804,
    "micro_F1-score": 0.9439324598248804,
    "MACRO_IoU": 0.5322001373723799,
    "MACRO_Precision": 0.6813540385207699,
    "MACRO_Recall": 0.6141401118587784,
    "MACRO_F1-score": 0.6411424047491113,
    "Accuracy": 0.9439324598248804
}